smiles,predicted_w_eV
CC12CC3C1C=CC3(C)C2,-9999.0
CC12CC3C1C=CC3(N)C2,-9999.0
CC12CC3C1C=CC3(O)C2,-9999.0
CC12CC3(N)CC1C3C=C2,-9999.0
NC12CC3C1C=CC3(N)C2,-9999.0
NC12CC3C1C=CC3(O)C2,-9999.0
NC12CC3(O)CC1C3C=C2,-9999.0
CC12CC3C1C=CC3(C)O2,-9999.0
CC12CC3(N)C=CC1C3N2,-9999.0
CC12CC3(O)C=CC1C3N2,-9999.0
CC12CC3(C)C=CC1C3O2,-9999.0
CC12CC3(O)C=CC1C3O2,-9999.0
NC12CC3C=CC1C3(O)C2,-9999.0
CC12CN3CC1C3C(=C)O2,-9999.0
CC1=CC2(N)CC3NC2C13,-9999.0
CC1=CC2(O)CC3NC2C13,-9999.0
CC1=CC2(N)CC3OC2C13,-9999.0
OC12CC3CC1(O)C3C=C2,-9999.0
CC12CC3CC1C3(O)C=C2,-9999.0
NC12CC3CC1C3(O)C=C2,-9999.0
OC12CC3CC1C3(O)C=C2,-9999.0
CC12NC3CC1C3(O)C=C2,-9999.0
CC12OC3CC1C3(O)C=C2,-9999.0
CC12CC3NC1C3(C)C=C2,-9999.0
CC12C=CC3(N)CC1NC23,-9999.0
CC12CC3NC1C3(N)C=C2,-9999.0
NC12CC3NC1C3(N)C=C2,-9999.0
CC12CC3NC1C3(O)C=C2,-9999.0
NC12CC3NC1C3(O)C=C2,-9999.0
OC12CC3NC1C3(O)C=C2,-9999.0
CC12CC3OC1C3(C)C=C2,-9999.0
CC12C=CC3(N)CC1OC23,-9999.0
CC12C=CC3(O)CC1OC23,-9999.0
CC12CC3OC1C3(N)C=C2,-9999.0
NC12CC3OC1C3(N)C=C2,-9999.0
NC12C=CC3(O)CC1OC23,-9999.0
CC12CC3OC1C3(O)C=C2,-9999.0
NC12CC3OC1C3(O)C=C2,-9999.0
OC12CC3OC1C3(O)C=C2,-9999.0
CC12CC3C(N1)C(=C)OC23,-9999.0
CC12CC3C(O1)C2OC3=C,-9999.0
CC1=CC2C3CC2(N)CC13,-9999.0
CC1=CC2C3OC2(C)CC13,-9999.0
CC12CC3C=CC1(N)C3C2,-9999.0
NC12CC3C=CC1(N)C3C2,-9999.0
NC12CC3C=CC1(O)C3C2,-9999.0
CC12CC3C=CC1(C)C3N2,-9999.0
CC1(C)C2CC3C=CC2C13,-9999.0
CC1(N)C2CC3C=CC2C13,-9999.0
CC1(O)C2CC3C=CC2C13,-9999.0
CC1(C)C2NC3C=CC2C13,-9999.0
CC1C2CC3(C)C=CC2C13,-9999.0
CC12CC3C(N)C1C3C=C2,-9999.0
CC12CC3C(O)C1C3C=C2,-9999.0
CC1C2CC3(N)C=CC2C13,-9999.0
NC1C2CC3(N)C=CC2C13,-9999.0
NC12CC3C(O)C1C3C=C2,-9999.0
CC1C2CC3(O)C=CC2C13,-9999.0
OC1C2CC3(O)C=CC2C13,-9999.0
CC1C2NC3(C)C=CC2C13,-9999.0
CC12NC3C(O)C1C3C=C2,-9999.0
CC1C2OC3(C)C=CC2C13,-9999.0
CN1C2CC3(C)C=CC2C13,-9999.0
CN1C2CC3(O)C=CC2C13,-9999.0
CC12CC3C(C=C1)C2C3=O,-9999.0
CC1C2CC3C=CC2(O)C13,-9999.0
OC1C2CC3C=CC2(O)C13,-9999.0
CC1C2NC3C=CC2(O)C13,-9999.0
NC1C2NC3C=CC2(O)C13,-9999.0
OC1C2NC3C=CC2(O)C13,-9999.0
CN1C2CC3C=CC2(C)C13,-9999.0
CN1C2CC3C=CC2(O)C13,-9999.0
OC12C=CC3CC1C(=O)C23,-9999.0
CC12CN=C3C=CC(C1)N23,-9999.0
CC1C2CC3(N)C1C=CC23,-9999.0
CC1C2CC3(O)C1C=CC23,-9999.0
NC1C2CC3(O)C1C=CC23,-9999.0
CC1(C)C2CC3C2C=CC13,-9999.0
CC1(N)C2CC3C2C=CC13,-9999.0
CC1(O)C2CC3C2C=CC13,-9999.0
CC1(C)C2NC3C2C=CC13,-9999.0
CC1(N)C2NC3C2C=CC13,-9999.0
CC1(C)C2OC3C2C=CC13,-9999.0
CC1(N)C2OC3C2C=CC13,-9999.0
CC1(O)C2OC3C2C=CC13,-9999.0
CC1(C)C2C=CC3C2CN13,-9999.0
CC1(C)C2CN3C2C=CC13,-9999.0
OC12CC3CC1C3OC2=C,-9999.0
CC12NC3CC1C3OC2=C,-9999.0
CC12CC3NC1C3OC2=C,-9999.0
NC12CC3NC1C3OC2=C,-9999.0
OC12CC3NC1C3OC2=C,-9999.0
CC12CC3OC1C3OC2=C,-9999.0
NC12CC3OC1C3OC2=C,-9999.0
CC1=CC2C3CC2C1(C)C3,-9999.0
CC1=CC2C3CC2C1(N)C3,-9999.0
CC1=CC2C3CC2C1(C)N3,-9999.0
CC1=CC2C3CC1(C)C2N3,-9999.0
CC1=CC2C3CC1(N)C2N3,-9999.0
CC1=CC2C3CC1(O)C2N3,-9999.0
CC1=CC2C3CC1(C)C2O3,-9999.0
CC1=CC2C3CC1(N)C2O3,-9999.0
CC1=CC2C3CC1(O)C2O3,-9999.0
CC1=CC2C3CN2C1(C)C3,-9999.0
OC1=C(O)c2ccc(C1)[nH]2,-9999.0
OC12C3CC(OC1=C)C2N3,-9999.0
CC1=CC2CC3CC2C13O,-9999.0
CC1=CC2CC3NC2C13C,-9999.0
CC12OC(=C)C3CC1OC23,-9999.0
CC1=CC2(O)C3CC1C2C3,-9999.0
CC1=CC2(O)C3CC2C1N3,-9999.0
CC1=CC2(O)C3CC1C2N3,-9999.0
CC1=CC2(C)C3CC1C2O3,-9999.0
CC1=CC2(O)C3CC1C2O3,-9999.0
CC1C2CC3C2C=CC13C,-9999.0
CC12C=CC3C(CC13)C2O,-9999.0
NC1C2CC3C2C=CC13N,-9999.0
NC12C=CC3C(CC13)C2O,-9999.0
CC1C2CC3C2C=CC13O,-9999.0
NC1C2CC3C2C=CC13O,-9999.0
OC1C2CC3C2C=CC13O,-9999.0
CC1C2NC3C2C=CC13C,-9999.0
CC12C=CC3C(NC13)C2N,-9999.0
CC12C=CC3C(NC13)C2O,-9999.0
CC1C2NC3C2C=CC13N,-9999.0
NC1C2NC3C2C=CC13N,-9999.0
NC12C=CC3C(NC13)C2O,-9999.0
CC1C2NC3C2C=CC13O,-9999.0
NC1C2NC3C2C=CC13O,-9999.0
OC1C2NC3C2C=CC13O,-9999.0
CC1C2OC3C2C=CC13C,-9999.0
CC12C=CC3C(OC13)C2N,-9999.0
CC12C=CC3C(OC13)C2O,-9999.0
CC1C2OC3C2C=CC13N,-9999.0
NC1C2OC3C2C=CC13N,-9999.0
CC1C2OC3C2C=CC13O,-9999.0
NC1C2OC3C2C=CC13O,-9999.0
OC1C2OC3C2C=CC13O,-9999.0
CN1C2CC3C2C=CC13C,-9999.0
CC1C2CN3C2C=CC13C,-9999.0
CC12C=CC3C(CN13)C2N,-9999.0
CC12C=CC3C(CN13)C2O,-9999.0
CC12C=CC3C(CC13)C2=C,-9999.0
CC12C=CC3C(CC13)C2=O,-9999.0
NC12C=CC3C(CC13)C2=C,-9999.0
CC12C=CC3C(NC13)C2=C,-9999.0
CC12C=CC3C(NC13)C2=O,-9999.0
OC12C=CC3C(NC13)C2=C,-9999.0
OC12C=CC3C(NC13)C2=O,-9999.0
CC12C=CC3C(OC13)C2=C,-9999.0
CC12C=CC3C(OC13)C2=O,-9999.0
OC12C=CC3C(OC13)C2=O,-9999.0
CC12C=CC3C(CN13)C2=O,-9999.0
Oc1c2CC=Cc([nH]2)c1O,-9999.0
NC1C2CC3C=CC2C13O,-9999.0
N#CC12CC3CC1C=CC23,-9999.0
N#CC12OC3CC1C=CC23,-9999.0
C#CC12CN3CC1C=CC23,-9999.0
CC1C2C=CC3C2CC13C,-9999.0
CC1C2C=CC3C2CC13N,-9999.0
NC1C2C=CC3C2CC13N,-9999.0
NC12CC3C(C=CC13)C2O,-9999.0
CC1C2C=CC3C2CC13O,-9999.0
CC1C2C=CC3C2NC13C,-9999.0
CC12NC3C(C=CC13)C2O,-9999.0
CC1C2C=CC3C2OC13C,-9999.0
CC1C2C=CC3N2CC13C,-9999.0
OC1C2C=CC3N2CC13O,-9999.0
CC12CC3C(C=CC13)C2=O,-9999.0
NC12CC3C(C=CC13)C2=C,-9999.0
CC1C2C3CC1(C)C2C=C3,-9999.0
CC1C2C3CC1(N)C2C=C3,-9999.0
NC12CC3C=CC1C3C2O,-9999.0
CC1C2C3CC1(O)C2C=C3,-9999.0
NC1C2C3CC1(O)C2C=C3,-9999.0
CC1C2C3NC1(C)C2C=C3,-9999.0
NC12COC3C1OC2C3=C,-9999.0
CC1C2CC3C1C=CC23N,-9999.0
CC1C2CC3C1C=CC23O,-9999.0
OC1C2CC3C1C=CC23O,-9999.0
CC12C=CC3C(N)C1NC23,-9999.0
CC12C=CC3C(O)C1NC23,-9999.0
CC1C2NC3C1C=CC23N,-9999.0
NC1C2NC3C1C=CC23N,-9999.0
CC1C2NC3C1C=CC23O,-9999.0
NC1C2NC3C1C=CC23O,-9999.0
CC1C2OC3C1C=CC23C,-9999.0
CC12C=CC3C(N)C1OC23,-9999.0
CC12C=CC3C(O)C1OC23,-9999.0
CC1C2OC3C1C=CC23N,-9999.0
NC12C=CC3C(O)C1OC23,-9999.0
CC1C2OC3C1C=CC23O,-9999.0
OC1C2OC3C1C=CC23O,-9999.0
CN1C2C=CC3(N)C2CC13,-9999.0
CN1C2C=CC3(O)C2CC13,-9999.0
OC12C=CC3C1CC2C3=C,-9999.0
CC12C=CC3C1NC2C3=O,-9999.0
OC12C=CC3C1NC2C3=C,-9999.0
CC12C=CC3C1OC2C3=C,-9999.0
NC12C=CC3C1OC2C3=C,-9999.0
C1CC23CC1C(C2)C=CO3,-9999.0
C1NC2CC13CC2C=CO3,-9999.0
C1OC2CC13CC=CC2C3,-9999.0
C1OC2CC13CC2C=CO3,-9999.0
C1NC23CC=CC(C2)C1C3,-9999.0
C1OC23CC=CC(C2)C1C3,-9999.0
C1OC23CC1C(C2)C=CO3,-9999.0
C1OC2CC13CC=CC2N3,-9999.0
C1NC2CC13OC=CC2O3,-9999.0
C1OC2CC13CC=CC2O3,-9999.0
C1OC2CC13OC=CC2O3,-9999.0
C1CC23CC=CC(C2)C1N3,-9999.0
C1CC23CC=CC(C2)C1O3,-9999.0
C1CC23CC(C=CO2)C1O3,-9999.0
C1OC2OC13CC=CC2C3,-9999.0
C1OC2OC13CC2C=CO3,-9999.0
C1OC23CC=CC(C2)C1O3,-9999.0
C1CC23CC(C=CO2)N1C3,-9999.0
C1CC23CC1C(CC=C2)C3,-9999.0
C1CC23CC1C(C2)OC=C3,-9999.0
C1NC2CC13CC2CC=C3,-9999.0
C1NC2CC13CC2OC=C3,-9999.0
C1OC2CC13CC2CC=C3,-9999.0
C1OC2CC13CC2OC=C3,-9999.0
C1NC23CC1C(CC=C2)C3,-9999.0
C1NC23CC1C(C2)OC=C3,-9999.0
C1OC23CC1C(CC=C2)C3,-9999.0
C1OC23CC1C(C2)OC=C3,-9999.0
C1CC23CC1C(CC=C2)N3,-9999.0
C1NC2CC13NC2CC=C3,-9999.0
C1OC2CC13NC2CC=C3,-9999.0
C1NC2CC13OC2CC=C3,-9999.0
C1OC2CC13OC2CC=C3,-9999.0
C1OC2CC13OC2OC=C3,-9999.0
C1CC23CC(CC=C2)C1N3,-9999.0
C1CC23CC(OC=C2)C1N3,-9999.0
C1CC23CC(CC=C2)C1O3,-9999.0
C1CC23CC(OC=C2)C1O3,-9999.0
C1OC2OC13CC2CC=C3,-9999.0
C1OC2OC13CC2OC=C3,-9999.0
C1OC23CC(CC=C2)C1O3,-9999.0
C1OC23CC(OC=C2)C1O3,-9999.0
C1CC23CC1N(CC=C2)C3,-9999.0
C1NC23CC1N(CC=C2)C3,-9999.0
C1OC23CC1N(CC=C2)C3,-9999.0
C1CC23CC(CC=C2)N1C3,-9999.0
C1CC23CCC(C2)C(C3)=C1,-9999.0
C1CC23COC=C(C2)C1C3,-9999.0
C1CC23CC1C(C2)=CCN3,-9999.0
C1CC23CC1C(C2)=CCO3,-9999.0
C1CC23CNC(C2)C(C3)=C1,-9999.0
C1NC2CC13COC=C2C3,-9999.0
C1NC23CNC(C2)C(C3)=C1,-9999.0
C1OC23CNC(C2)C(C3)=C1,-9999.0
C1CC23COC(C2)C(C3)=C1,-9999.0
C1OC=C2CC13COC2C3,-9999.0
C1NC23COC(C2)C(C3)=C1,-9999.0
C1OC23COC(C2)C(C3)=C1,-9999.0
C1CC23CC(CN2)C(C3)=C1,-9999.0
C1NC23COC=C(C2)C1C3,-9999.0
C1CC23CC(CO2)C(C3)=C1,-9999.0
C1OC23COC=C(C2)C1C3,-9999.0
C1OC23CC(CO2)C(C3)=C1,-9999.0
C1CC23CC1C(O2)=CCO3,-9999.0
C1CC23CNC(C2)C(O3)=C1,-9999.0
C1NC2CC13COC=C2O3,-9999.0
C1OC23CNC(C2)C(O3)=C1,-9999.0
C1CC23COC(C2)C(O3)=C1,-9999.0
C1OC=C2OC13COC2C3,-9999.0
C1OC23COC(C2)C(O3)=C1,-9999.0
C1OC23COC=C(O2)C1C3,-9999.0
C1CC23CCC(N2)C(C3)=C1,-9999.0
C1CC23CCC(O2)C(C3)=C1,-9999.0
C1CC23COC=C(C2)C1O3,-9999.0
C1CC23CC(=CCO2)C1O3,-9999.0
C1CC23COC(O2)C(C3)=C1,-9999.0
C1OC=C2CC13COC2O3,-9999.0
C1OC23COC(O2)C(C3)=C1,-9999.0
C1CC23CC(=C1)C(CO2)O3,-9999.0
C1OC23COC=C(C2)C1O3,-9999.0
C1CC23COC(O2)C(O3)=C1,-9999.0
C1OC=C2OC13COC2O3,-9999.0
C1CC23CC1C(C2)=CC=C3,-9999.0
C1NC2CC13CC2=CC=C3,-9999.0
C1OC2CC13CC2=CC=C3,-9999.0
C1NC23CC1C(C2)=CC=C3,-9999.0
C1OC23CC1C(C2)=CC=C3,-9999.0
C1CC23CC1C(O2)=CC=C3,-9999.0
C1NC2CC13OC2=CC=C3,-9999.0
C1OC2CC13OC2=CC=C3,-9999.0
C1OC23CC1C(O2)=CC=C3,-9999.0
C1CC23CC(=CC=C2)C1O3,-9999.0
C1OC2OC13CC2=CC=C3,-9999.0
C1OC23CC(=CC=C2)C1O3,-9999.0
C1OC2OC13OC2=CC=C3,-9999.0
C1CC2CC3(C1)CC2C=C3,-9999.0
C1NCC23CC1C(C2)C=C3,-9999.0
C1OCC23CC1C(C2)C=C3,-9999.0
C1CC23CC(N1)C(C2)C=C3,-9999.0
C1CC23CC(O1)C(C2)C=C3,-9999.0
C1CC2CC3(CC2C=C3)N1,-9999.0
C1CC2CC3(CC2C=C3)O1,-9999.0
C1OC2CC3(CC2C=C3)O1,-9999.0
C1CC2NC3(C1)CC2C=C3,-9999.0
C1NCC23CC(C=C2)C1N3,-9999.0
C1OCC23CC(C=C2)C1N3,-9999.0
C1OCC23CC(C=C2)C1O3,-9999.0
C1CC2CC3(C1)NC2C=C3,-9999.0
C1NCC23CC1C(N2)C=C3,-9999.0
C1OCC23CC1C(N2)C=C3,-9999.0
C1CC23CC(N1)C(N2)C=C3,-9999.0
C1CC23CC(O1)C(N2)C=C3,-9999.0
C1CC2CC3(C1)OC2C=C3,-9999.0
C1NCC23CC1C(O2)C=C3,-9999.0
C1OCC23CC1C(O2)C=C3,-9999.0
C1CC23CC(N1)C(O2)C=C3,-9999.0
C1CC23CC(O1)C(O2)C=C3,-9999.0
C1CC2CC3(O1)OC2C=C3,-9999.0
C1OC2CC3(O1)OC2C=C3,-9999.0
C1CN2CC3(C1)CC2C=C3,-9999.0
C1CN2CC3(CC2C=C3)N1,-9999.0
C1CN2CC3(CC2C=C3)O1,-9999.0
C1C=CC2CC13CC2C=C3,-9999.0
C1C2C=CC13CC2C=NN3,-9999.0
C1C2C=CC13CC2N=CN3,-9999.0
C1C2C=COC13CC2C=C3,-9999.0
C1C2C=CC13CC2C=NO3,-9999.0
C1C2C=CC13OC=CC2O3,-9999.0
C1C2C=CC13ON=CC2O3,-9999.0
C1C=CC2CC13NC2C=C3,-9999.0
C1C=CC2CC13OC2C=C3,-9999.0
C1C2C=COC13OC2C=C3,-9999.0
C1C2C=NOC13OC2C=C3,-9999.0
C1C=CC23CC1C(C2)C=C3,-9999.0
C1C2NN=CC13CC2C=C3,-9999.0
C1C2OC=CC13CC2C=C3,-9999.0
C1C2ON=CC13CC2C=C3,-9999.0
C1C=CC23CC(C=C2)C1N3,-9999.0
C1C=CC23CC(C=C2)C1O3,-9999.0
C1C2C=CC13OC2OC=C3,-9999.0
C1C2C=CC13OC2ON=C3,-9999.0
C1C2NN=CC13NC2C=C3,-9999.0
C1C2OC=CC13NC2C=C3,-9999.0
C1C2ON=CC13NC2C=C3,-9999.0
C1C=CC23CC1C(O2)C=C3,-9999.0
C1C2NN=CC13OC2C=C3,-9999.0
C1C2OC=CC13OC2C=C3,-9999.0
C1C2ON=CC13OC2C=C3,-9999.0
C1C=CC23CC(C=C2)N1C3,-9999.0
C1CC23CC(C=C2)C(C3)=C1,-9999.0
C1OC=C2CC13CC2C=C3,-9999.0
C1NN=C2CC13CC2C=C3,-9999.0
C1ON=C2CC13CC2C=C3,-9999.0
C1NC23CC(C=C2)C(C3)=C1,-9999.0
C1OC23CC(C=C2)C(C3)=C1,-9999.0
C1NN=C2NC13CC2C=C3,-9999.0
C1ON=C2NC13CC2C=C3,-9999.0
C1CC23CC(C=C2)C(O3)=C1,-9999.0
C1OC=C2OC13CC2C=C3,-9999.0
C1NN=C2OC13CC2C=C3,-9999.0
C1ON=C2OC13CC2C=C3,-9999.0
C1OC23CC(C=C2)C(O3)=C1,-9999.0
C1CC23CC(=C1)C(N2)C=C3,-9999.0
C1OC=C2CC13NC2C=C3,-9999.0
C1NN=C2CC13NC2C=C3,-9999.0
C1ON=C2CC13NC2C=C3,-9999.0
C1CC23CC(=C1)C(O2)C=C3,-9999.0
C1OC=C2CC13OC2C=C3,-9999.0
C1NN=C2CC13OC2C=C3,-9999.0
C1ON=C2CC13OC2C=C3,-9999.0
C1OC23CC(=C1)C(O2)C=C3,-9999.0
C1CC23OC(C=C2)C(O3)=C1,-9999.0
C1OC=C2OC13OC2C=C3,-9999.0
C1NN=C2OC13OC2C=C3,-9999.0
C1ON=C2OC13OC2C=C3,-9999.0
C1C2C=CC13CC2=CC=C3,-9999.0
C1C2C=CC13CC2=NN=C3,-9999.0
C1C2C=CC13C=NNC2=N3,-9999.0
C1C2C=CC13OC2=CC=C3,-9999.0
C1C2C=CC13OC2=NN=C3,-9999.0
C1C2=CC=CC13NC2C=C3,-9999.0
C1C2=NN=CC13NC2C=C3,-9999.0
C1C2=CC=CC13OC2C=C3,-9999.0
C1C2=NN=CC13OC2C=C3,-9999.0
O1C2C=CC13OC2=CC=C3,-9999.0
O1C2C=CC13OC2=NN=C3,-9999.0
C1CC2=CC3(C1)CCC2C3,-9999.0
C1CC23CNCC(=C2)C1C3,-9999.0
C1CC23COCC(=C2)C1C3,-9999.0
C1CC2=CC3(CCC2C3)N1,-9999.0
C1CC2=CC3(CCC2C3)O1,-9999.0
C1CC2=CC3(C1)CNC2C3,-9999.0
C1NCC23CNC(C2)C1=C3,-9999.0
C1NC2CC13COCC2=C3,-9999.0
C1CC2=CC3(CNC2C3)N1,-9999.0
C1CC2=CC3(CNC2C3)O1,-9999.0
C1OC2=CC3(CNC2C3)O1,-9999.0
C1CC2=CC3(C1)COC2C3,-9999.0
C1NCC23COC(C2)C1=C3,-9999.0
C1OCC23COC(C2)C1=C3,-9999.0
C1CC23COC(C2)C(O1)=C3,-9999.0
C1CC2=CC3(COC2C3)N1,-9999.0
C1CC2=CC3(COC2C3)O1,-9999.0
C1OC2=CC3(COC2C3)O1,-9999.0
C1CC2=CC3(C1)CC2CN3,-9999.0
C1NC23CNCC(=C2)C1C3,-9999.0
C1NC23COCC(=C2)C1C3,-9999.0
C1CC2=CC3(C1)CC2CO3,-9999.0
C1NCC23CC(CO2)C1=C3,-9999.0
C1OC23COCC(=C2)C1C3,-9999.0
C1CC2=CC3(CC2CO3)O1,-9999.0
C1CC2=CC3(C1)OCC2O3,-9999.0
C1CC23CC=CC(=C2)C1C3,-9999.0
C1CC23CC1C(C=NN2)=C3,-9999.0
C1CC23CC1C(C=CO2)=C3,-9999.0
C1CC23CC1C(C=NO2)=C3,-9999.0
C1NC2CC13CC=CC2=C3,-9999.0
C1NC2CC13NN=CC2=C3,-9999.0
C1NC2CC13OC=CC2=C3,-9999.0
C1NC2CC13ON=CC2=C3,-9999.0
C1OC2CC13CC=CC2=C3,-9999.0
C1OC2CC13NN=CC2=C3,-9999.0
C1OC2CC13OC=CC2=C3,-9999.0
C1OC2CC13ON=CC2=C3,-9999.0
C1NC23CC=CC(=C2)C1C3,-9999.0
C1OC23CC=CC(=C2)C1C3,-9999.0
C1OC23CC1C(C=CO2)=C3,-9999.0
C1OC23CC1C(C=NO2)=C3,-9999.0
C1CC23CC=CC(=C2)C1N3,-9999.0
C1CC23CC=CC(=C2)C1O3,-9999.0
C1CC23OC=CC(=C2)C1O3,-9999.0
C1CC23ON=CC(=C2)C1O3,-9999.0
C1OC2OC13OC=CC2=C3,-9999.0
C1OC2OC13ON=CC2=C3,-9999.0
C1OC23CC=CC(=C2)C1O3,-9999.0
C1CC23CC1C(CC=C2)=C3,-9999.0
C1CC23CC1C(OC=C2)=C3,-9999.0
C1CC23CC1C(=C2)N=CN3,-9999.0
C1NC2CC13C=COC2=C3,-9999.0
C1NC2CC13C=C2NC=N3,-9999.0
C1OC2CC13C=CCC2=C3,-9999.0
C1OC2CC13C=COC2=C3,-9999.0
C1OC2CC13NC=NC2=C3,-9999.0
C1NC23CC1C(CC=C2)=C3,-9999.0
C1NC23CC1C(OC=C2)=C3,-9999.0
C1OC23CC1C(CC=C2)=C3,-9999.0
C1OC23CC1C(OC=C2)=C3,-9999.0
C1CC23CC1C(N2)=NC=C3,-9999.0
C1NC2CC13C=CNC2=N3,-9999.0
C1OC2CC13C=CNC2=N3,-9999.0
C1CC23NC1C(OC=C2)=C3,-9999.0
C1CC23OC1C(OC=C2)=C3,-9999.0
C1OC2OC13C=COC2=C3,-9999.0
C1OC23OC1C(OC=C2)=C3,-9999.0
C1CC2=CC3(C1)CC2C=C3,-9999.0
C1NCC23CC(C=C2)C1=C3,-9999.0
C1OCC23CC(C=C2)C1=C3,-9999.0
C1CC23CC(C=C2)C(O1)=C3,-9999.0
C1CC2=CC3(CC2C=C3)N1,-9999.0
C1CC2=CC3(CC2C=C3)O1,-9999.0
C1OC2=CC3(CC2C=C3)O1,-9999.0
C1C=CC2=CC13CC2C=C3,-9999.0
C1C2C=CC13NN=CC2=C3,-9999.0
C1C2C=CC13OC=CC2=C3,-9999.0
C1C2C=CC13ON=CC2=C3,-9999.0
C1C=CC2=CC13NC2C=C3,-9999.0
C1C=CC2=CC13OC2C=C3,-9999.0
O1C=CC2=CC13OC2C=C3,-9999.0
O1N=CC2=CC13OC2C=C3,-9999.0
C1C=CC23CC(C=C2)C1=C3,-9999.0
C1C2C=CC13C=COC2=C3,-9999.0
C1C2C=CC13C=C2NC=N3,-9999.0
C1C2C=CC13NC2=NC=C3,-9999.0
N1C2C=CC13C=COC2=C3,-9999.0
O1C=CC23OC(C=C2)C1=C3,-9999.0
CCC12CC3C=CC1C3C2,-9999.0
COC12CC3C=CC1C3C2,-9999.0
CCC12CC3C=CC1C3N2,-9999.0
NCC12CC3C=CC1C3O2,-9999.0
C=CC12CC3C(N1)C=CC23,-9999.0
N#CC12CC3C=CC1C3N2,-9999.0
C#CC12CC3C=CC1C3C2,-9999.0
C#CC12CC3C=CC1C3N2,-9999.0
C#CC12CC3C=CC1N3C2,-9999.0
C1CC23CNCC12CC=C3,-9999.0
C1CC23COCC12CC=C3,-9999.0
C1CC23CCC2(C1)C=CO3,-9999.0
C1CC23CNCC12OC=C3,-9999.0
C1CC23COCC12OC=C3,-9999.0
C1CC23CCC2(N1)C=CO3,-9999.0
C1CC23CCC2(O1)C=CC3,-9999.0
C1CC23CCC2(O1)C=CO3,-9999.0
C1CC23CCC2(O1)OC=C3,-9999.0
C1OC23CCC2(O1)C=CC3,-9999.0
C1OC23CCC2(O1)C=CO3,-9999.0
C1CC23CNC2(C1)C=CC3,-9999.0
C1NCC23NCC12CC=C3,-9999.0
C1NC23COCC12CC=C3,-9999.0
C1CC23CNC2(C1)C=CO3,-9999.0
C1NCC23NCC12OC=C3,-9999.0
C1NC23COCC12OC=C3,-9999.0
C1CC23NCC2(CC=C3)N1,-9999.0
C1CC23NCC2(CC=C3)O1,-9999.0
C1CC23NCC2(O1)OC=C3,-9999.0
C1CC23COC2(C1)C=CC3,-9999.0
C1NCC23OCC12CC=C3,-9999.0
C1OCC23OCC12CC=C3,-9999.0
C1CC23COC2(C1)C=CO3,-9999.0
C1NCC23OCC12OC=C3,-9999.0
C1OCC23OCC12OC=C3,-9999.0
C1CC23OCC2(CC=C3)N1,-9999.0
C1CC23OCC2(CC=C3)O1,-9999.0
C1CC23OCC2(O1)OC=C3,-9999.0
C1CC23CC=CC2(C1)CN3,-9999.0
C1NCC23CNC12CC=C3,-9999.0
C1NC23COCC12C=CC3,-9999.0
C1CC23CC=CC2(CN3)N1,-9999.0
C1CC23CC=CC2(CN3)O1,-9999.0
C1CC23CC=CC2(C1)CO3,-9999.0
C1NCC23COC12CC=C3,-9999.0
C1OCC23COC12CC=C3,-9999.0
C1CC23CC=CC2(CO3)N1,-9999.0
C1CC23CC=CC2(CO3)O1,-9999.0
C1CC23C=CCC12CC=C3,-9999.0
C1CC23C=CCC12NN=C3,-9999.0
C1CC23C=CCC12NC=N3,-9999.0
C1CC23C=CCC12OC=C3,-9999.0
C1CC23C=CCC12ON=C3,-9999.0
C1CC23C=COC12OC=C3,-9999.0
C1CC23C=COC12ON=C3,-9999.0
C1NC23C=CCC12CC=C3,-9999.0
C1NC23C=CCC12NN=C3,-9999.0
C1NC23C=CCC12OC=C3,-9999.0
C1NC23C=CCC12ON=C3,-9999.0
C1NC23C=COC12OC=C3,-9999.0
C1NC23C=COC12ON=C3,-9999.0
C1OC23C=CCC12CC=C3,-9999.0
C1OC23C=CCC12NN=C3,-9999.0
C1OC23C=CCC12OC=C3,-9999.0
C1OC23C=CCC12ON=C3,-9999.0
C1OC23C=COC12OC=C3,-9999.0
C1OC23C=COC12ON=C3,-9999.0
C1NC23CC=CC12C=CC3,-9999.0
C1OC23CC=CC12C=CC3,-9999.0
C1CC23CC=CC12CC=C3,-9999.0
C1CC23NN=CC12CC=C3,-9999.0
C1CC23OC=CC12CC=C3,-9999.0
C1CC23ON=CC12CC=C3,-9999.0
C1CC23OC=CC12NN=C3,-9999.0
C1CC23OC=CC12OC=C3,-9999.0
C1CC23ON=CC12OC=C3,-9999.0
C1NC23CC=CC12CC=C3,-9999.0
C1NC23CC=CC12NN=C3,-9999.0
C1NC23CC=CC12OC=C3,-9999.0
C1NC23CC=CC12ON=C3,-9999.0
C1OC23CC=CC12CC=C3,-9999.0
C1OC23CC=CC12NN=C3,-9999.0
C1OC23CC=CC12OC=C3,-9999.0
C1OC23CC=CC12ON=C3,-9999.0
C=CC12OCC1C3CC2C3,-9999.0
C=CC12COC1C3CC2N3,-9999.0
C=CC12COC1C3CC2O3,-9999.0
C=CC12NCC1C3CC2O3,-9999.0
C=CC12OCC1C3CC2O3,-9999.0
C=CC12CC(C1)C3CCC23,-9999.0
C=CC12CC(C1)C3NCC23,-9999.0
C=CC12CC(C1)C3OCC23,-9999.0
C=CC12CC(C1)C3CNC23,-9999.0
C=CC12CC(C1)C3COC23,-9999.0
C=CC12CC(N1)C3CCC23,-9999.0
C=CC12CC(N1)C3NCC23,-9999.0
C=CC12CC(N1)C3OCC23,-9999.0
C=CC12CC(N1)C3CNC23,-9999.0
C=CC12CC(N1)C3COC23,-9999.0
C=CC12CC(O1)C3CCC23,-9999.0
C=CC12CC(O1)C3NCC23,-9999.0
C=CC12CC(O1)C3OCC23,-9999.0
C=CC12CC(O1)C3CNC23,-9999.0
C=CC12CC(O1)C3COC23,-9999.0
C=CC12CN(C1)C3CCC23,-9999.0
C=CC12CN(C1)C3CNC23,-9999.0
C=CC12CN(C1)C3COC23,-9999.0
CC12C3CC4C=C(C3)C1C24,-9999.0
NC12C3CC4C=C(C3)C1C24,-9999.0
OC12C3CC4C=C(C3)C1C24,-9999.0
CC12C3CC4=CC(N3)C1C24,-9999.0
CC12C3CC4=CC(O3)C1C24,-9999.0
CC12C3CC4C=C(C3)C1N24,-9999.0
CN1C2CC3C=C(C)C2C13,-9999.0
CC1=CC2CC3C1C2C3=O,-9999.0
CC12CC3C4CC(C14)C3=C2,-9999.0
NC12CC3C4CC(C14)C3=C2,-9999.0
OC12CC3C4CC(C14)C3=C2,-9999.0
CC12NC3C4CC(C14)C3=C2,-9999.0
CC12OC3C4CC(C14)C3=C2,-9999.0
CC12CC3C4NC(C14)C3=C2,-9999.0
NC12CC3C4NC(C14)C3=C2,-9999.0
OC12CC3C4NC(C14)C3=C2,-9999.0
CC12NC3C4NC(C14)C3=C2,-9999.0
CC12OC3C4NC(C14)C3=C2,-9999.0
CC12CC3C4OC(C14)C3=C2,-9999.0
NC12CC3C4OC(C14)C3=C2,-9999.0
OC12CC3C4OC(C14)C3=C2,-9999.0
CC12NC3C4OC(C14)C3=C2,-9999.0
CC12OC3C4OC(C14)C3=C2,-9999.0
CC12CC3N4CC(C14)C3=C2,-9999.0
NC12CC3N4CC(C14)C3=C2,-9999.0
OC12CC3N4CC(C14)C3=C2,-9999.0
CC12CC3C4CC(N14)C3=C2,-9999.0
CC12CC3C=C(C1)C4C3C24,-9999.0
NC12CC3C=C(C1)C4C3C24,-9999.0
CC12CC3=CC(N1)C4C3C24,-9999.0
CC12CC3=CC(O1)C4C3C24,-9999.0
CC12CC3C=C(C1)C4C2N34,-9999.0
NC12CC3C=C(C1)C4C2N34,-9999.0
OC12CC3C=C(C1)C4C2N34,-9999.0
CC12CC3C=C(O1)C4C2N34,-9999.0
CC12CC3C=C(C1)C4C3N24,-9999.0
CC12CC3CC(=C1)C4C3C24,-9999.0
NC12CC3CC(=C1)C4C3C24,-9999.0
OC12CC3CC(=C1)C4C3C24,-9999.0
CC12NC3CC(=C1)C4C3C24,-9999.0
CC12OC3CC(=C1)C4C3C24,-9999.0
CC12CC3CC(=C1)C4C2N34,-9999.0
NC12CC3CC(=C1)C4C2N34,-9999.0
OC12CC3CC(=C1)C4C2N34,-9999.0
CC12CC3CC(=C1)C4C3N24,-9999.0
CC12CC3OC(=C1)C4C3N24,-9999.0
CC1C2CN=C3C=CC1N23,-9999.0
O=C1C2CN=C3C=CC1N23,-9999.0
CC1=CC2=NCC3CC1N23,-9999.0
NC1=CC2=NCC3CC1N23,-9999.0
O=C1C=C2C=CC3CC1N23,-9999.0
O=C1N=C2C=CC3CC1N23,-9999.0
C=C1CC2CC3CN=C1N23,-9999.0
CC1=CC2CC3CN=C1N23,-9999.0
CC12CC3C4C1CC=C2C34,-9999.0
NC12CC3C4C1CC=C2C34,-9999.0
OC12CC3C4C1CC=C2C34,-9999.0
CC12CC3C4C1OC=C2C34,-9999.0
NC12CC3C4C1OC=C2C34,-9999.0
OC12CC3C4C1OC=C2C34,-9999.0
CC12NC3C4C1CC=C2C34,-9999.0
CC12NC3C4C1OC=C2C34,-9999.0
CC12OC3C4C1CC=C2C34,-9999.0
CC12OC3C4C1OC=C2C34,-9999.0
CC12CN3C4C1CC=C2C34,-9999.0
NC12CN3C4C1CC=C2C34,-9999.0
OC12CN3C4C1CC=C2C34,-9999.0
CC12CN3C4C1OC=C2C34,-9999.0
NC12CN3C4C1OC=C2C34,-9999.0
OC12CN3C4C1OC=C2C34,-9999.0
CC12CC3C4N3C1CC=C24,-9999.0
NC12CC3C4N3C1CC=C24,-9999.0
OC12CC3C4N3C1CC=C24,-9999.0
OCC1C2CC3C=CC2C13,-9999.0
CNC1C2CC3C=CC2C13,-9999.0
COC1C2OC3C=CC2C13,-9999.0
C=CC1C2CC3C=CC2C13,-9999.0
N#CC1C2CC3C=CC2C13,-9999.0
C=CC1C2NC3C=CC2C13,-9999.0
N=CN1C2CC3C=CC2C13,-9999.0
C=NN1C2CC3C=CC2C13,-9999.0
C#CC1C2CC3C=CC2C13,-9999.0
C#CC1C2NC3C=CC2C13,-9999.0
C=CC1CC2C3CC(C3)C12,-9999.0
C=CC1NC2C3CC(C3)C12,-9999.0
C=CC1OC2C3CC(C3)C12,-9999.0
C=CC1CC2C3CC(N3)C12,-9999.0
C=CC1NC2C3CC(N3)C12,-9999.0
C=CC1OC2C3CC(N3)C12,-9999.0
C=CC1CC2C3CC(O3)C12,-9999.0
C=CC1NC2C3CC(O3)C12,-9999.0
C=CC1OC2C3CC(O3)C12,-9999.0
C=CC1CC2C3CN(C3)C12,-9999.0
C=CC1NC2C3CN(C3)C12,-9999.0
C=CC1OC2C3CN(C3)C12,-9999.0
NC1C2CC3C1OC(=C)C23,-9999.0
CC1C2NC3C1OC(=C)C23,-9999.0
CC1C2CC3C1C=C(C)C23,-9999.0
CC1=CC2C(N)C3CC2C13,-9999.0
CC1C2NC3C1C=C(C)C23,-9999.0
C=C1C2CC3C4CC(C23)C14,-9999.0
C=C1C2NC3C4CC(C23)C14,-9999.0
C=C1C2OC3C4CC(C23)C14,-9999.0
C=C1C2CC3C4NC(C23)C14,-9999.0
C=C1C2NC3C4NC(C23)C14,-9999.0
C=C1C2OC3C4NC(C23)C14,-9999.0
C=C1C2CC3C4OC(C23)C14,-9999.0
C=C1C2NC3C4OC(C23)C14,-9999.0
C=C1C2OC3C4OC(C23)C14,-9999.0
C=C1C2CC3C2C4CN3C14,-9999.0
C=C1C2CN3C4CC(C23)C14,-9999.0
C=C1C2CC3C4CN(C23)C14,-9999.0
C=C1C2NC3C4CN(C23)C14,-9999.0
C=C1C2OC3C4CN(C23)C14,-9999.0
C=C1C2CC3C4CC(C14)N23,-9999.0
OC1=C(O)c2[nH]cc1c2O,-9999.0
C=CC12CC3CC1C3CN2,-9999.0
C=CC12CC3CC1C3CO2,-9999.0
C=CC12CC3NC1C3CO2,-9999.0
CCC12CC3CC1C3C=C2,-9999.0
NCC12CC3CC1C3C=C2,-9999.0
OCC12CC3CC1C3C=C2,-9999.0
CNC12CC3CC1C3C=C2,-9999.0
COC12CC3CC1C3C=C2,-9999.0
CCC12CC3NC1C3C=C2,-9999.0
NCC12CC3NC1C3C=C2,-9999.0
OCC12CC3NC1C3C=C2,-9999.0
CNC12CC3NC1C3C=C2,-9999.0
COC12CC3NC1C3C=C2,-9999.0
CCC12CC3OC1C3C=C2,-9999.0
NCC12CC3OC1C3C=C2,-9999.0
OCC12CC3OC1C3C=C2,-9999.0
CNC12CC3OC1C3C=C2,-9999.0
NCC12CC3CN1C3C=C2,-9999.0
C=CC12CC3CC1C3C=C2,-9999.0
O=CC12CC3CC1C3C=C2,-9999.0
N#CC12CC3CC1C3C=C2,-9999.0
N#CC12NC3CC1C3C=C2,-9999.0
C=CC12CC3NC1C3C=C2,-9999.0
O=CC12CC3NC1C3C=C2,-9999.0
N#CC12CC3NC1C3C=C2,-9999.0
C=CC12CC3OC1C3C=C2,-9999.0
N#CC12CC3OC1C3C=C2,-9999.0
C=CC12CC3CN1C3C=C2,-9999.0
C#CC12CC3CC1C3C=C2,-9999.0
C#CC12OC3CC1C3C=C2,-9999.0
C#CC12CC3OC1C3C=C2,-9999.0
C#CC12CN3CC1C3C=C2,-9999.0
C#CC12CC3CN1C3C=C2,-9999.0
Oc1ccc2C=Cc1c2O,-9999.0
C1CC23CCC1C2C=CC3,-9999.0
C1CC23CCC1C2C=CO3,-9999.0
C1CC23CNC1C2C=CC3,-9999.0
C1CC23CNC1C2C=CO3,-9999.0
C1CC23COC1C2C=CC3,-9999.0
C1CC23COC1C2C=CO3,-9999.0
C1OC2OCC13CC=CC23,-9999.0
C1OC2OCC13OC=CC23,-9999.0
C1CC23CC=CC2C1CN3,-9999.0
C1NC23CNC1C2C=CC3,-9999.0
C1NC23COC1C2C=CC3,-9999.0
C1CC23CC=CC2C1CO3,-9999.0
C1CC23OCC1C2C=CO3,-9999.0
C1NC2COC13CC=CC23,-9999.0
C1NC2COC13OC=CC23,-9999.0
C1OC23COC1C2C=CC3,-9999.0
C1OC23COC1C2C=CO3,-9999.0
C1OC23CC=CC2C1CO3,-9999.0
C1CC23CCN1C2C=CC3,-9999.0
C1CC23CCN1C2C=CO3,-9999.0
C1CC23CCC1C2CC=C3,-9999.0
C1CC23CCC1C2OC=C3,-9999.0
C1CC23CNC1C2CC=C3,-9999.0
C1CC23CNC1C2OC=C3,-9999.0
C1CC23COC1C2CC=C3,-9999.0
C1CC23COC1C2OC=C3,-9999.0
C1OC2OCC13C=CCC23,-9999.0
C1OC2OCC13C=COC23,-9999.0
C1CC23NCC1C2CC=C3,-9999.0
C1CC23NCC1C2OC=C3,-9999.0
C1NC23CNC1C2CC=C3,-9999.0
C1NC23CNC1C2OC=C3,-9999.0
C1NC23COC1C2CC=C3,-9999.0
C1NC23COC1C2OC=C3,-9999.0
C1CC23OCC1C2CC=C3,-9999.0
C1CC23OCC1C2OC=C3,-9999.0
C1NC2COC13C=CCC23,-9999.0
C1NC2COC13C=COC23,-9999.0
C1OC23COC1C2CC=C3,-9999.0
C1OC23COC1C2OC=C3,-9999.0
C1OC23OCC1C2CC=C3,-9999.0
C1OC23OCC1C2OC=C3,-9999.0
C1CC23CCN1C2CC=C3,-9999.0
C1OC=C2C3OCC12CO3,-9999.0
C1OC2OCC13C=CC=C23,-9999.0
C1CC2C3CCC2(C1)C=C3,-9999.0
C1CC23CNCC2C1C=C3,-9999.0
C1CC23COCC2C1C=C3,-9999.0
C1CC23CCC(C=C2)C3N1,-9999.0
C1CC23CCC(C=C2)C3O1,-9999.0
C1CC2C3CCC2(N1)C=C3,-9999.0
C1CC2C3CCC2(O1)C=C3,-9999.0
C1OC2C3CCC2(O1)C=C3,-9999.0
C1CC2C3NCC2(C1)C=C3,-9999.0
C1NCC23CNC(C=C2)C13,-9999.0
C1NC2C=CC13COCC23,-9999.0
C1CC23CNC(C=C2)C3N1,-9999.0
C1CC23CNC(C=C2)C3O1,-9999.0
C1CC2C3NCC2(N1)C=C3,-9999.0
C1CC2C3NCC2(O1)C=C3,-9999.0
C1OC2C3NCC2(O1)C=C3,-9999.0
C1CC2C3OCC2(C1)C=C3,-9999.0
C1NCC23COC(C=C2)C13,-9999.0
C1OCC23COC(C=C2)C13,-9999.0
C1CC23COC(C=C2)C3N1,-9999.0
C1CC23COC(C=C2)C3O1,-9999.0
C1CC2C3OCC2(N1)C=C3,-9999.0
C1CC2C3OCC2(O1)C=C3,-9999.0
C1OC2C3OCC2(O1)C=C3,-9999.0
C1NCC23NCC(C=C2)C13,-9999.0
C1NC23COCC2C1C=C3,-9999.0
C1CC23NCC(C=C2)C3N1,-9999.0
C1CC23NCC(C=C2)C3O1,-9999.0
C1NCC23OCC(C=C2)C13,-9999.0
C1OCC23OCC(C=C2)C13,-9999.0
C1CC23OCC(C=C2)C3N1,-9999.0
C1CC23OCC(C=C2)C3O1,-9999.0
C1CC2C3COC2(O1)C=C3,-9999.0
C1OC2C3COC2(O1)C=C3,-9999.0
C1CC23CC=CC2C1C=C3,-9999.0
C1CC23NN=CC2C1C=C3,-9999.0
C1CC23C=CC1C2NC=N3,-9999.0
C1CC23OC=CC2C1C=C3,-9999.0
C1CC23ON=CC2C1C=C3,-9999.0
C1NC2C=CC13CC=CC23,-9999.0
C1NC2C=CC13NN=CC23,-9999.0
C1NC2C=CC13N=CNC23,-9999.0
C1NC2C=CC13OC=CC23,-9999.0
C1NC2C=CC13ON=CC23,-9999.0
C1OC2C=CC13CC=CC23,-9999.0
C1OC2C=CC13NN=CC23,-9999.0
C1OC2C=CC13N=CNC23,-9999.0
C1OC2C=CC13OC=CC23,-9999.0
C1OC2C=CC13ON=CC23,-9999.0
C1NC23CC=CC2C1C=C3,-9999.0
C1OC23CC=CC2C1C=C3,-9999.0
C1OC23OC=CC2C1C=C3,-9999.0
C1OC23ON=CC2C1C=C3,-9999.0
C1CC23C=CCC2C1C=C3,-9999.0
C1CC23C=CC1C2NN=C3,-9999.0
C1CC23C=COC2C1C=C3,-9999.0
C1CC23C=CC1C2ON=C3,-9999.0
C1NC2C=CC13C=CCC23,-9999.0
C1NC2C=CC13C=NNC23,-9999.0
C1NC2C=CC13C=COC23,-9999.0
C1NC2C=CC13C=NOC23,-9999.0
C1OC2C=CC13C=CCC23,-9999.0
C1OC2C=CC13C=NNC23,-9999.0
C1OC2C=CC13C=COC23,-9999.0
C1OC2C=CC13C=NOC23,-9999.0
C1NC23C=CCC2C1C=C3,-9999.0
C1NC23C=CC1C2NN=C3,-9999.0
C1NC23C=COC2C1C=C3,-9999.0
C1NC23C=CC1C2ON=C3,-9999.0
C1OC23C=CCC2C1C=C3,-9999.0
C1OC23C=CC1C2NN=C3,-9999.0
C1OC23C=COC2C1C=C3,-9999.0
C1OC23C=CC1C2ON=C3,-9999.0
C1OC2C=CC13C=NN=C23,-9999.0
C1NC23C=CC1C2=NN=C3,-9999.0
C1CC2C3C=CC2(C1)C=C3,-9999.0
C1NCC23C=CC(C=C2)C13,-9999.0
C1OCC23C=CC(C=C2)C13,-9999.0
C1CC23C=CC(C=C2)C3N1,-9999.0
C1CC23C=CC(C=C2)C3O1,-9999.0
C1CC2C3C=CC2(N1)C=C3,-9999.0
C1CC2C3C=CC2(O1)C=C3,-9999.0
C1OC2C3C=CC2(O1)C=C3,-9999.0
C1C=CC2C3C=CC12C=C3,-9999.0
N1N=CC2C3C=CC12C=C3,-9999.0
N1C=NC23C=CC(C=C2)C13,-9999.0
O1C=CC2C3C=CC12C=C3,-9999.0
O1N=CC2C3C=CC12C=C3,-9999.0
C1C=CC23C=CC(C=C2)C13,-9999.0
N1N=CC23C=CC(C=C2)C13,-9999.0
O1C=CC23C=CC(C=C2)C13,-9999.0
O1N=CC23C=CC(C=C2)C13,-9999.0
C1=CC23C=CC1C2=NN=C3,-9999.0
NCC12C=CC3CC1OC23,-9999.0
N#CC12C=CC3CC1CC23,-9999.0
N#CC12C=CC3NC1CC23,-9999.0
N#CC12C=CC3CC1NC23,-9999.0
C=CC12C=CC3CC1OC23,-9999.0
O=CC12C=CC3CC1OC23,-9999.0
C#CC12C=CC3CC1CC23,-9999.0
C#CC12C=CC3NC1CC23,-9999.0
C#CC12C=CC3OC1CC23,-9999.0
C#CC12C=CC3CC1NC23,-9999.0
C#CC12C=CC3CC1OC23,-9999.0
C1CC23CC4C1C2C4C=C3,-9999.0
C1NC2C3CC14C=CC3C24,-9999.0
C1OC2C3CC14C=CC3C24,-9999.0
C1NC23CC4C1C2C4C=C3,-9999.0
C1OC23CC4C1C2C4C=C3,-9999.0
C1NC2C3NC14C=CC3C24,-9999.0
C1OC2C3NC14C=CC3C24,-9999.0
C1CC23OC4C1C2C4C=C3,-9999.0
C1NC2C3OC14C=CC3C24,-9999.0
C1OC2C3OC14C=CC3C24,-9999.0
C1OC23OC4C1C2C4C=C3,-9999.0
C1CC23CC4C(C=C2)C3N14,-9999.0
C1CC23CN4C1C2C4C=C3,-9999.0
C1NC23CN4C1C2C4C=C3,-9999.0
C1OC23CN4C1C2C4C=C3,-9999.0
C1CC23CC4C1N2C4C=C3,-9999.0
C1C2C3C=CC14C=CC2C34,-9999.0
N1C2C3C=CC14C=CC2C34,-9999.0
O1C2C3C=CC14C=CC2C34,-9999.0
C1N2C3C=CC14C=CC2C34,-9999.0
C1C2C3C=CC14C=CC2N34,-9999.0
CC12CC=C3C1CC4C3C24,-9999.0
NC12CC=C3C1CC4C3C24,-9999.0
CC12OC=C3C1CC4C3C24,-9999.0
OC12CC=C3C1NC4C3C24,-9999.0
CC12CC=C3C1OC4C3C24,-9999.0
OC12CC=C3C1OC4C3C24,-9999.0
CC12OC=C3C1OC4C3C24,-9999.0
CC12CC=C3C1CN4C3C24,-9999.0
NC12CC=C3C1CN4C3C24,-9999.0
OC12CC=C3C1CN4C3C24,-9999.0
CC12OC=C3C1CN4C3C24,-9999.0
CC12CC=C3C1CC4C3N24,-9999.0
C1C=COC2CN3CC2C13,-9999.0
C1OC=CC2CN3CC2C13,-9999.0
C1OC=CC2C3CN2CC13,-9999.0
C1C2C=CC=CC3C2CN13,-9999.0
C1C2C3CC14OC=CC4C23,-9999.0
C1C2C3OC14OC=CC4C23,-9999.0
C1C2C3CC14OC=CC4N23,-9999.0
C1C2C3NC14C=COC4C23,-9999.0
C1C2C3OC14C=COC4C23,-9999.0
O1C=CC23OC4C(O2)C4C13,-9999.0
C1C2C3C4OC=CC14CN23,-9999.0
CC1C2C=CC3C1C(N)C23,-9999.0
C=CC1C2CC1C3NCC23,-9999.0
C=CC1C2CC1C3OCC23,-9999.0
C=CC1C2NC1C3NCC23,-9999.0
C=CC1C2NC1C3OCC23,-9999.0
C=CC1C2OC1C3CCC23,-9999.0
C=CC1C2OC1C3NCC23,-9999.0
C=CC1C2OC1C3OCC23,-9999.0
C1C2CC3C1C4CC2=CC34,-9999.0
C1C2NC3C1C4CC2=CC34,-9999.0
C1C2OC3C1C4CC2=CC34,-9999.0
C1C2NC3C1C4C=C2CC34,-9999.0
C1C2OC3C1C4C=C2CC34,-9999.0
C1C2C3OC4OC3C2C=C14,-9999.0
C1C2CC3C1C4C=C2CN34,-9999.0
C1C2NC3C1N4CC2=CC34,-9999.0
C1C2OC3C1N4CC2=CC34,-9999.0
C1C2CN3C1C4CC2=CC34,-9999.0
C1C2CN3C1C4C=C2CC34,-9999.0
C1C2C3CC4=CC3C2C=C14,-9999.0
C1C2C3C=C1C4=NC2C3N4,-9999.0
C1C2C3OC4=CC3C2C=C14,-9999.0
C1C2C3C=C1C4=CC3N2C4,-9999.0
C1C2C3C=C1C4=CC2C3C4,-9999.0
C1C2C3C=C1C4=CC2C3O4,-9999.0
C1C2C3C=C1C4=CC2N3C4,-9999.0
C1N2C3C=C1C4=CC2C3O4,-9999.0
C1C2C3CC1=C4CC2C3C4,-9999.0
C1C2C3CC1=C4CC2C3O4,-9999.0
C1C2C3CC4=C1OC2C3O4,-9999.0
C1C2C3OC1=C4CC3C2O4,-9999.0
C1C2C3CC1=C4CC2N3C4,-9999.0
C1C2C3OC4=C1CN2C3C4,-9999.0
NC1C2CC3=CC1N4C2C34,-9999.0
OC1C2CC3=CC1N4C2C34,-9999.0
C=C1C2OC3C4NC(C24)C13,-9999.0
CC1C=C2C3CC4C(C13)C24,-9999.0
NC1C=C2C3CC4C(C13)C24,-9999.0
CC1C=C2C3NC4C(C13)C24,-9999.0
NC1C=C2C3NC4C(C13)C24,-9999.0
OC1C=C2C3NC4C(C13)C24,-9999.0
CC1C=C2C3OC4C(C13)C24,-9999.0
NC1C=C2C3OC4C(C13)C24,-9999.0
CC1C=C2C3CC4C(C24)N13,-9999.0
CC1C=C2C3CN4C(C13)C24,-9999.0
NC1C=C2C3CN4C(C13)C24,-9999.0
OC1C=C2C3CN4C(C13)C24,-9999.0
CC1C=C2C3CC4C2N4C13,-9999.0
NC1C=C2C3CC4C2N4C13,-9999.0
OC1C=C2C3CC4C2N4C13,-9999.0
C=C1C=C2C3CC4C(C24)C13,-9999.0
O=C1C=C2C3CC4C(C24)C13,-9999.0
O=C1C=C2C3CN4C(C13)C24,-9999.0
C=C1C=C2C3CC4C2N4C13,-9999.0
O=C1C=C2C3CC4C2N4C13,-9999.0
CC1C2C3C4CC=C(C14)C23,-9999.0
NC1C2C3C4CC=C(C14)C23,-9999.0
NC1C2C3C4OC=C(C14)C23,-9999.0
CN1C2C3C4OC=C(C23)C14,-9999.0
NC1C2C3C2C4=CCN3C14,-9999.0
CC1C2C3CC=C2C4C3N14,-9999.0
CC1C2C3OC=C2C4C3N14,-9999.0
CC1C2C3N2C4CC=C3C14,-9999.0
NC1C2C3N2C4CC=C3C14,-9999.0
OC1C2C3N2C4CC=C3C14,-9999.0
C=C1C2C3C4CC=C(C23)C14,-9999.0
C=C1C2C3C4NN=C(C23)C14,-9999.0
C=C1C2C3C4OC=C(C23)C14,-9999.0
O=C1C2C3C4OC=C(C23)C14,-9999.0
C=C1C2C3N2C4CC=C3C14,-9999.0
C1C=C2C3CC4C1C2C4C3,-9999.0
C1C2CC3C1C4OC=C2C34,-9999.0
C1C=C2C3CC4C(N3)C1C24,-9999.0
C1C2NC3C1C4C3OC=C24,-9999.0
C1C=C2C3CC4C(O3)C1C24,-9999.0
C1C2OC3C1C4C3OC=C24,-9999.0
C1C=C2C3CC4C1C2C4N3,-9999.0
C1C2NC3C1C4OC=C2C34,-9999.0
C1C=C2C3CC4C1C2C4O3,-9999.0
C1C2OC3C1C4OC=C2C34,-9999.0
C1C=C2C3OC4C1C2C4O3,-9999.0
O1C=C2C3OC4C1C2C4O3,-9999.0
C1C=C2C3CC4C(C3)N1C24,-9999.0
C1C2NC3C1N4CC=C2C34,-9999.0
C1C2OC3C1N4CC=C2C34,-9999.0
C1C=C2C3CC4C2C1N4C3,-9999.0
C1C=C2C3CC4C1C2N4C3,-9999.0
C1C2CN3C1C4OC=C2C34,-9999.0
C1CC2C3C1C4C=C2CC34,-9999.0
C1NC2C3C1C4C=C2CC34,-9999.0
C1OC2C3C1C4C=C2CC34,-9999.0
C1NC2C3C=C4CC3C2C14,-9999.0
C1OC2C3C=C4CC3C2C14,-9999.0
C1CN2C3C=C4CC3C2C14,-9999.0
C1CC2C3C1C4C=C2CN34,-9999.0
C1NC2C3C1C4C=C2CN34,-9999.0
C1OC2C3C1C4C=C2CN34,-9999.0
C1NC2C3C=C4CN3C2C14,-9999.0
C1OC2C3C=C4CN3C2C14,-9999.0
C1CC2N3C1C4C=C2CC34,-9999.0
C1C2C3C=C1C4C=CC3C24,-9999.0
N1C2C3C=CC4C3C2N=C14,-9999.0
C1N2C3C=C1C4C=CC3C24,-9999.0
C1C2C3C=C1C4C=CC3N24,-9999.0
C1C=C2C3C1C4C=C2CC34,-9999.0
C1C2C3C=C1C4=NNC3C24,-9999.0
C1C2C3C=C1C4=COC3C24,-9999.0
C1C2C3C=C1C4=NOC3C24,-9999.0
C1C=C2C3C1C4N=C2NC34,-9999.0
N1C=C2C3C1C4N=C2NC34,-9999.0
N1C2C3N=C1C4=COC3C24,-9999.0
C1C=C2C3C1C4C=C2OC34,-9999.0
N1N=C2C3C1C4C=C2OC34,-9999.0
O1C=C2C3C1C4C=C2OC34,-9999.0
O1N=C2C3C1C4C=C2OC34,-9999.0
C1C=C2C3C4CC2=CC4N13,-9999.0
C1C=C2C3C4OC2=CC4N13,-9999.0
C1C=C2C3C1C4C=C2CN34,-9999.0
C1N2C3C=C1C4=NNC3C24,-9999.0
C1N2C3C=C1C4=COC3C24,-9999.0
C1N2C3C=C1C4=NOC3C24,-9999.0
C1CC2C3C1C4CC2=CC34,-9999.0
C1NC2C3C1C4CC2=CC34,-9999.0
C1OC2C3C1C4CC2=CC34,-9999.0
C1NC2C3CC4=CC3C2C14,-9999.0
C1OC2C3CC4=CC3C2C14,-9999.0
C1CN2C3CC4=CC3C2C14,-9999.0
C1CC2C3C1N4CC2=CC34,-9999.0
C1NC2C3C1N4CC2=CC34,-9999.0
C1OC2C3C1N4CC2=CC34,-9999.0
C1CC2N3C1C4CC2=CC34,-9999.0
C1C2C3C=CC4C3C2C=C14,-9999.0
C1N2C3C=CC4C3C2C=C14,-9999.0
C1C2C3C=CC4N3C2C=C14,-9999.0
C1C=C2C3C1C4CC2=CC34,-9999.0
C1C2C3NN=C4C3C2C=C14,-9999.0
C1C2C3OC=C4C3C2C=C14,-9999.0
C1C2C3ON=C4C3C2C=C14,-9999.0
C1C=C2C3C1C4OC2=CC34,-9999.0
N1N=C2C3C1C4OC2=CC34,-9999.0
O1C=C2C3C1C4OC2=CC34,-9999.0
O1N=C2C3C1C4OC2=CC34,-9999.0
C1C=C2C3C4C=C2CC4N13,-9999.0
C1C=C2C3C1N4CC2=CC34,-9999.0
C1CC2=C3CC4C1C2C4C3,-9999.0
C1OC2=C3CC4C1C2C4C3,-9999.0
C1NC2C3CC4=C1C2C3C4,-9999.0
C1OC2C3CC4=C1C2C3C4,-9999.0
C1CC2=C3CC4C(O3)C1C24,-9999.0
C1OC2=C3CC4C(O3)C1C24,-9999.0
C1NC2C3OC4=C1C2C3C4,-9999.0
C1OC2C3OC4=C1C2C3C4,-9999.0
C1CC2=C3CC4C1C2C4O3,-9999.0
C1OC2=C3CC4C1C2C4O3,-9999.0
C1NC2C3CC4=C1C2C3O4,-9999.0
C1OC2C3CC4=C1C2C3O4,-9999.0
C1CC2=C3CC4C(C3)N1C24,-9999.0
C1CC2=C3CC4C(O3)C2N14,-9999.0
C1CC2=C3CC4C2C1N4C3,-9999.0
C1OC2=C3CC4C2C1N4C3,-9999.0
C1CC2=C3CC4C1C2N4C3,-9999.0
C1OC2=C3CC4C1C2N4C3,-9999.0
C1NC2C3CC4=C1C2N3C4,-9999.0
C1OC2C3CC4=C1C2N3C4,-9999.0
C1C2C3CC1=C4C=CC2C34,-9999.0
C1C2C3OC1=C4C=CC3C24,-9999.0
C1C2C3OC1=C4C=CC2C34,-9999.0
C1C2C3C4C=CC3=C1CN24,-9999.0
C1C2C3C=CC4=C1CN2C34,-9999.0
C1C=C2CC3CC1C4C2N34,-9999.0
C1C2OC=C3CC1N4C2C34,-9999.0
C1C2C=C3C=CC1N4C2C34,-9999.0
C1C2C=CC3=CC1N4C2C34,-9999.0
C1C2CC3=CC4CC2C4C13,-9999.0
C1C2OC3=CC4CC2C4C13,-9999.0
C1C2C=C3CC4NC3C2C14,-9999.0
C1C2C=C3CC4OC3C2C14,-9999.0
C1C2C=C3OC4OC3C2C14,-9999.0
C1C2CC3=CC4NC2C4C13,-9999.0
C1C2OC3=CC4NC2C4C13,-9999.0
C1C2NC3C4C(NC24)C=C13,-9999.0
C1C2OC3C4C(NC24)C=C13,-9999.0
N1C2C=C3OC4OC3C2C14,-9999.0
C1C2CC3=CC4OC2C4C13,-9999.0
C1C2OC3=CC4OC2C4C13,-9999.0
C1C2NC3C4C(OC24)C=C13,-9999.0
C1C2OC3C4C(OC24)C=C13,-9999.0
O1C2OC3=CC4OC2C4C13,-9999.0
C1C2C=C3CN4CC3C2C14,-9999.0
C1C2CC3=CC4CN2C4C13,-9999.0
C1C2CC3=CC4CC2N4C13,-9999.0
C1C2OC3=CC4CC2N4C13,-9999.0
C1C2CC3C4CC1C(=C4)C23,-9999.0
C1C2NC3CC4C=C3C2C14,-9999.0
C1C2OC3CC4C=C3C2C14,-9999.0
C1C2CC3C4NC1C(=C4)C23,-9999.0
C1C2CC3C4OC1C(=C4)C23,-9999.0
C1C2OC3OC4C=C3C2C14,-9999.0
C1C2NC3C4CC1C(=C4)C23,-9999.0
C1C2NC3C4NC1C(=C4)C23,-9999.0
C1C2NC3C4OC1C(=C4)C23,-9999.0
C1C2OC3C4CC1C(=C4)C23,-9999.0
C1C2NC3C=C2C4C1OC34,-9999.0
C1C2OC3C4OC1C(=C4)C23,-9999.0
C1C2C=C3C1CN4CC2C34,-9999.0
C1C2NC3C=C2C4C3CN14,-9999.0
C1C2OC3C=C2C4C3CN14,-9999.0
C1C2CN3C4CC1C(=C4)C23,-9999.0
C1C2NC3CN4C1C=C2C34,-9999.0
C1C2OC3CN4C1C=C2C34,-9999.0
C1C2C=C3CC4C=C3C2C14,-9999.0
C1C2N=C3NC4C=C3C2C14,-9999.0
C1C2C=C3OC4C=C3C2C14,-9999.0
C1C2C=C3C4C(NC24)C=C13,-9999.0
N1C2C=C3OC4C=C3C2C14,-9999.0
C1C2C=C3C4C(OC24)C=C13,-9999.0
O1C2C=C3OC4C=C3C2C14,-9999.0
C1C2C=C3CC4C=C3C2N14,-9999.0
C1C2CC3=CC4C=C3C2C14,-9999.0
C1C2OC3=CC4C=C3C2C14,-9999.0
C1C2NC3C4C=C1C(=C4)C23,-9999.0
C1C2OC3C4C=C1C(=C4)C23,-9999.0
C1C2C3C=C4CN1C2C4=C3,-9999.0
C1C2CC3=CC4C=C3C2N14,-9999.0
C1C2OC3=CC4C=C3C2N14,-9999.0
C1C2CC3=C4CC(C3)C1C24,-9999.0
C1C2OC3=C4CC(C3)C1C24,-9999.0
C1C2CC3=C4CC(O3)C1C24,-9999.0
C1C2CC3=C4OC(C3)C1C24,-9999.0
C1C2OC3=C4OC(C3)C1C24,-9999.0
C1C2CC3=C4OC(O3)C1C24,-9999.0
C1C2CC3=C1CC4NC2C34,-9999.0
C1C2NC3C4CC(C23)=C1O4,-9999.0
C1C2NC3C4CC1=C(O4)C23,-9999.0
C1C2NC3C4OC1=C(O4)C23,-9999.0
C1C2CC3=C1CC4OC2C34,-9999.0
C1C2OC3C4CC(C23)=C1O4,-9999.0
C1C2OC3C4CC1=C(O4)C23,-9999.0
C1C2OC3C4OC1=C(O4)C23,-9999.0
C1C2CC3=C4CN(C3)C1C24,-9999.0
C1C2OC3=C4CN(C3)C1C24,-9999.0
C1C2C3CC4=C(C3)C2N1C4,-9999.0
C1C2C3CC4=C(CN1C24)O3,-9999.0
C1C2C3CC4=C(O3)C2N1C4,-9999.0
C1C2C3OC4=C(O3)C2N1C4,-9999.0
C1C2CC3=C4CC(C3)N1C24,-9999.0
C1C2OC3=C4CC(C3)N1C24,-9999.0
C1C2CC3=COC2C4C1C34,-9999.0
C1C=C2CC3NC4C(C13)C24,-9999.0
C1C=C2CC3OC4C(C13)C24,-9999.0
C1C2OC3C4C2OC=C1C34,-9999.0
C1C=C2CC3CC4C(C24)N13,-9999.0
C1C=C2CC3CN4C(C13)C24,-9999.0
C1C2CC3=COC2C4C3N14,-9999.0
C1C=C2CC3CC4C2N4C13,-9999.0
C1C2C=C3C=CC2C4C3N14,-9999.0
C1C2C3OC4C=CC3C1C24,-9999.0
C1CC2C3CC=C2C4C1C34,-9999.0
C1NC2C3CC=C2C4C1C34,-9999.0
C1NC2C3C4CC=C(C14)C23,-9999.0
C1OC2C3C4CC=C(C14)C23,-9999.0
C1CC2C3OC=C2C4C1C34,-9999.0
C1NC2C3OC=C2C4C1C34,-9999.0
C1OC2C3OC=C2C4C1C34,-9999.0
C1NC2C3C4OC=C(C14)C23,-9999.0
C1OC2C3C4OC=C(C14)C23,-9999.0
C1CC2N3CC=C2C4C1C34,-9999.0
C1CN2C3C4CC=C(C14)C23,-9999.0
C1CN2C3C4OC=C(C14)C23,-9999.0
C1CC2C3CC=C2C4C1N34,-9999.0
C1NC2C3CC=C2C4C1N34,-9999.0
C1OC2C3CC=C2C4C1N34,-9999.0
O1C=C2C3C=CC4C(C13)C24,-9999.0
C1C=C2C3C=CC4C2N4C13,-9999.0
C1NC2C3C=CC4C2C1C34,-9999.0
C1=CC2C3C1C4C=CC3C24,-9999.0
C1C2C=CC3C4CC(C14)C23,-9999.0
C1C2C3OC4C=CC2C4C13,-9999.0
C1C2C=CC3C4NC(C14)C23,-9999.0
N1C2C=CC3C4NC(C14)C23,-9999.0
N1C2C3OC4C=CC2C4C13,-9999.0
N1C2C=CC3C4OC(C14)C23,-9999.0
C1C2C=CC3C4CC(C14)N23,-9999.0
C1C2C=CC3C4CC3C2C14,-9999.0
C1C2C3NC4C=CC2C1C34,-9999.0
C1C2C3OC4C=CC2C1C34,-9999.0
C1C2C=CC3C4NC3C2C14,-9999.0
N1C2C=CC3C4NC3C2C14,-9999.0
N1C2C3OC4C=CC2C1C34,-9999.0
C1C2C=CC3C4OC3C2C14,-9999.0
N1C2C=CC3C4OC3C2C14,-9999.0
O1C2C=CC3C4OC3C2C14,-9999.0
C1C2C=CC3C4CN3C1C24,-9999.0
C1C2C=CC3C4CN3C2C14,-9999.0
C1C2C3NC4C=CC2N1C34,-9999.0
C1C2C3OC4C=CC2N1C34,-9999.0
C1C2C3C1C4=CC5C3C5C24,-9999.0
N1C2C3C1C4=CC5C3C5C24,-9999.0
O1C2C3C1C4=CC5C3C5C24,-9999.0
C1C2C3C4C5C=C3C1N2C45,-9999.0
C1C2C3C4C5C=C2C(C45)N13,-9999.0
C1C2C3C1C4=CC5C(C24)N35,-9999.0
N1C2C3C1C4=CC5C(C24)N35,-9999.0
O1C2C3C1C4=CC5C(C24)N35,-9999.0
C1C2C3C1C4=CC5C3N5C24,-9999.0
N1C2C3C1C4=CC5C3N5C24,-9999.0
O1C2C3C1C4=CC5C3N5C24,-9999.0
C1C2C3C4C5CC2=C(C13)C45,-9999.0
C1C2C3C1C4=C2OC5C3C45,-9999.0
C1C2C3C4C5NC4C(C23)=C15,-9999.0
N1C2C3C1C4=C2OC5C3C45,-9999.0
C1C2C3C4C5OC4C(C23)=C15,-9999.0
O1C2C3C4C5OC2=C(C13)C45,-9999.0
C1C2N3C4C5CC2=C(C45)C13,-9999.0
C1C2N3C1C4=C2OC5C3C45,-9999.0
C1C2C3C1C4=C2CN5C3C45,-9999.0
C1N2C3C4C5NC4C(C23)=C15,-9999.0
C1N2C3C4C5OC4C(C23)=C15,-9999.0
C1C2C3C1C4=C2CC5C4N35,-9999.0
C1C2C3N2C4C5NC4C3=C15,-9999.0
C1C2C3N2C4C5OC4C3=C15,-9999.0
C1C2C3C4C5CC4C(C13)=C25,-9999.0
C1C2C3C1C4=C2C5NC4C35,-9999.0
C1C2C3C1C4=C2C5OC4C35,-9999.0
N1C2C3C4C5NC4C(C13)=C25,-9999.0
N1C2C3C1C4=C2C5OC4C35,-9999.0
O1C2C3C4C5OC4C(C13)=C25,-9999.0
C1C2C3C1C4=C2C5CC4N35,-9999.0
C1C2N3C1C4=C2C5NC4C35,-9999.0
C1C2N3C1C4=C2C5OC4C35,-9999.0
C1OC2C1C3C4C=CC3C24,-9999.0
C1NC2C1N3C4C=CC3C24,-9999.0
C1OC2C1N3C4C=CC3C24,-9999.0
